ID,P26
1,V_26-1
2,V_26-2
3,V_26-3
4,V_26-4
5,V_26-5
6,V_26-6
7,V_26-7
8,V_26-8
9,V_26-9
10,V_26-10
11,V_26-11
12,V_26-12
13,V_26-13
14,V_26-14
15,V_26-15
16,V_26-16
17,V_26-17
18,V_26-18
19,V_26-19
20,V_26-20
21,V_26-21
22,V_26-22
23,V_26-23
24,V_26-24
25,V_26-25
26,V_26-26
27,V_26-27
28,V_26-28
29,V_26-29
30,V_26-30
31,V_26-31
32,V_26-32
33,V_26-33
34,V_26-34
35,V_26-35
36,V_26-36
37,V_26-37
38,V_26-38
39,V_26-39
40,V_26-40
41,V_26-41
42,V_26-42
43,V_26-43
44,V_26-44
45,V_26-45
46,V_26-46
47,V_26-47
48,V_26-48
49,V_26-49
50,V_26-50
51,V_26-51
52,V_26-52
53,V_26-53
54,V_26-54
55,V_26-55
56,V_26-56
57,V_26-57
58,V_26-58
59,V_26-59
60,V_26-60
61,V_26-61
62,V_26-62
63,V_26-63
64,V_26-64
65,V_26-65
66,V_26-66
67,V_26-67
68,V_26-68
69,V_26-69
70,V_26-70
71,V_26-71
72,V_26-72
73,V_26-73
74,V_26-74
75,V_26-75
76,V_26-76
77,V_26-77
78,V_26-78
79,V_26-79
80,V_26-80
81,V_26-81
82,V_26-82
83,V_26-83
84,V_26-84
85,V_26-85
86,V_26-86
87,V_26-87
88,V_26-88
89,V_26-89
90,V_26-90
91,V_26-91
92,V_26-92
93,V_26-93
94,V_26-94
95,V_26-95
96,V_26-96
97,V_26-97
98,V_26-98
99,V_26-99
100,V_26-100
101,V_26-101
102,V_26-102
103,V_26-103
104,V_26-104
105,V_26-105
106,V_26-106
107,V_26-107
108,V_26-108
109,V_26-109
110,V_26-110
111,V_26-111
112,V_26-112
113,V_26-113
114,V_26-114
115,V_26-115
116,V_26-116
117,V_26-117
118,V_26-118
119,V_26-119
120,V_26-120
121,V_26-121
122,V_26-122
123,V_26-123
124,V_26-124
125,V_26-125
126,V_26-126
127,V_26-127
128,V_26-128
129,V_26-129
130,V_26-130
131,V_26-131
132,V_26-132
133,V_26-133
134,V_26-134
135,V_26-135
136,V_26-136
137,V_26-137
138,V_26-138
139,V_26-139
140,V_26-140
141,V_26-141
142,V_26-142
143,V_26-143
144,V_26-144
145,V_26-145
146,V_26-146
147,V_26-147
148,V_26-148
149,V_26-149
150,V_26-150
151,V_26-151
152,V_26-152
153,V_26-153
154,V_26-154
155,V_26-155
156,V_26-156
157,V_26-157
158,V_26-158
159,V_26-159
160,V_26-160
161,V_26-161
162,V_26-162
163,V_26-163
164,V_26-164
165,V_26-165
166,V_26-166
167,V_26-167
168,V_26-168
169,V_26-169
170,V_26-170
171,V_26-171
172,V_26-172
173,V_26-173
174,V_26-174
175,V_26-175
176,V_26-176
177,V_26-177
178,V_26-178
179,V_26-179
180,V_26-180
181,V_26-181
182,V_26-182
183,V_26-183
184,V_26-184
185,V_26-185
186,V_26-186
187,V_26-187
188,V_26-188
189,V_26-189
190,V_26-190
191,V_26-191
192,V_26-192
193,V_26-193
194,V_26-194
195,V_26-195
196,V_26-196
197,V_26-197
198,V_26-198
199,V_26-199
200,V_26-200
201,V_26-201
202,V_26-202
203,V_26-203
204,V_26-204
205,V_26-205
206,V_26-206
207,V_26-207
208,V_26-208
209,V_26-209
210,V_26-210
211,V_26-211
212,V_26-212
213,V_26-213
214,V_26-214
215,V_26-215
216,V_26-216
217,V_26-217
218,V_26-218
219,V_26-219
220,V_26-220
221,V_26-221
222,V_26-222
223,V_26-223
224,V_26-224
225,V_26-225
226,V_26-226
227,V_26-227
228,V_26-228
229,V_26-229
230,V_26-230
231,V_26-231
232,V_26-232
233,V_26-233
234,V_26-234
235,V_26-235
236,V_26-236
237,V_26-237
238,V_26-238
239,V_26-239
240,V_26-240
241,V_26-241
242,V_26-242
243,V_26-243
244,V_26-244
245,V_26-245
246,V_26-246
247,V_26-247
248,V_26-248
249,V_26-249
250,V_26-250
251,V_26-251
252,V_26-252
253,V_26-253
254,V_26-254
255,V_26-255
256,V_26-256
257,V_26-257
258,V_26-258
259,V_26-259
260,V_26-260
261,V_26-261
262,V_26-262
263,V_26-263
264,V_26-264
265,V_26-265
266,V_26-266
267,V_26-267
268,V_26-268
269,V_26-269
270,V_26-270
271,V_26-271
272,V_26-272
273,V_26-273
274,V_26-274
275,V_26-275
276,V_26-276
277,V_26-277
278,V_26-278
279,V_26-279
280,V_26-280
281,V_26-281
282,V_26-282
283,V_26-283
284,V_26-284
285,V_26-285
286,V_26-286
287,V_26-287
288,V_26-288
289,V_26-289
290,V_26-290
291,V_26-291
292,V_26-292
293,V_26-293
294,V_26-294
295,V_26-295
296,V_26-296
297,V_26-297
298,V_26-298
299,V_26-299
300,V_26-300
301,V_26-301
302,V_26-302
303,V_26-303
304,V_26-304
305,V_26-305
306,V_26-306
307,V_26-307
308,V_26-308
309,V_26-309
310,V_26-310
311,V_26-311
312,V_26-312
313,V_26-313
314,V_26-314
315,V_26-315
316,V_26-316
317,V_26-317
318,V_26-318
319,V_26-319
320,V_26-320
321,V_26-321
322,V_26-322
323,V_26-323
324,V_26-324
325,V_26-325
326,V_26-326
327,V_26-327
328,V_26-328
329,V_26-329
330,V_26-330
331,V_26-331
332,V_26-332
333,V_26-333
334,V_26-334
335,V_26-335
336,V_26-336
337,V_26-337
338,V_26-338
339,V_26-339
340,V_26-340
341,V_26-341
342,V_26-342
343,V_26-343
344,V_26-344
345,V_26-345
346,V_26-346
347,V_26-347
348,V_26-348
349,V_26-349
350,V_26-350
351,V_26-351
352,V_26-352
353,V_26-353
354,V_26-354
355,V_26-355
356,V_26-356
357,V_26-357
358,V_26-358
359,V_26-359
360,V_26-360
361,V_26-361
362,V_26-362
363,V_26-363
364,V_26-364
365,V_26-365
366,V_26-366
367,V_26-367
368,V_26-368
369,V_26-369
370,V_26-370
371,V_26-371
372,V_26-372
373,V_26-373
374,V_26-374
375,V_26-375
376,V_26-376
377,V_26-377
378,V_26-378
379,V_26-379
380,V_26-380
381,V_26-381
382,V_26-382
383,V_26-383
384,V_26-384
385,V_26-385
386,V_26-386
387,V_26-387
388,V_26-388
389,V_26-389
390,V_26-390
391,V_26-391
392,V_26-392
393,V_26-393
394,V_26-394
395,V_26-395
396,V_26-396
397,V_26-397
398,V_26-398
399,V_26-399
400,V_26-400
401,V_26-401
402,V_26-402
403,V_26-403
404,V_26-404
405,V_26-405
406,V_26-406
407,V_26-407
408,V_26-408
409,V_26-409
410,V_26-410
411,V_26-411
412,V_26-412
413,V_26-413
414,V_26-414
415,V_26-415
416,V_26-416
417,V_26-417
418,V_26-418
419,V_26-419
420,V_26-420
421,V_26-421
422,V_26-422
423,V_26-423
424,V_26-424
425,V_26-425
426,V_26-426
427,V_26-427
428,V_26-428
429,V_26-429
430,V_26-430
431,V_26-431
432,V_26-432
433,V_26-433
434,V_26-434
435,V_26-435
436,V_26-436
437,V_26-437
438,V_26-438
439,V_26-439
440,V_26-440
441,V_26-441
442,V_26-442
443,V_26-443
444,V_26-444
445,V_26-445
446,V_26-446
447,V_26-447
448,V_26-448
449,V_26-449
450,V_26-450
451,V_26-451
452,V_26-452
453,V_26-453
454,V_26-454
455,V_26-455
456,V_26-456
457,V_26-457
458,V_26-458
459,V_26-459
460,V_26-460
461,V_26-461
462,V_26-462
463,V_26-463
464,V_26-464
465,V_26-465
466,V_26-466
467,V_26-467
468,V_26-468
469,V_26-469
470,V_26-470
471,V_26-471
472,V_26-472
473,V_26-473
474,V_26-474
475,V_26-475
476,V_26-476
477,V_26-477
478,V_26-478
479,V_26-479
480,V_26-480
481,V_26-481
482,V_26-482
483,V_26-483
484,V_26-484
485,V_26-485
486,V_26-486
487,V_26-487
488,V_26-488
489,V_26-489
490,V_26-490
491,V_26-491
492,V_26-492
493,V_26-493
494,V_26-494
495,V_26-495
496,V_26-496
497,V_26-497
498,V_26-498
499,V_26-499
500,V_26-500
501,V_26-501
502,V_26-502
503,V_26-503
504,V_26-504
505,V_26-505
506,V_26-506
507,V_26-507
508,V_26-508
509,V_26-509
510,V_26-510
511,V_26-511
512,V_26-512
513,V_26-513
514,V_26-514
515,V_26-515
516,V_26-516
517,V_26-517
518,V_26-518
519,V_26-519
520,V_26-520
521,V_26-521
522,V_26-522
523,V_26-523
524,V_26-524
525,V_26-525
526,V_26-526
527,V_26-527
528,V_26-528
529,V_26-529
530,V_26-530
531,V_26-531
532,V_26-532
533,V_26-533
534,V_26-534
535,V_26-535
536,V_26-536
537,V_26-537
538,V_26-538
539,V_26-539
540,V_26-540
541,V_26-541
542,V_26-542
543,V_26-543
544,V_26-544
545,V_26-545
546,V_26-546
547,V_26-547
548,V_26-548
549,V_26-549
550,V_26-550
551,V_26-551
552,V_26-552
553,V_26-553
554,V_26-554
555,V_26-555
556,V_26-556
557,V_26-557
558,V_26-558
559,V_26-559
560,V_26-560
561,V_26-561
562,V_26-562
563,V_26-563
564,V_26-564
565,V_26-565
566,V_26-566
567,V_26-567
568,V_26-568
569,V_26-569
570,V_26-570
571,V_26-571
572,V_26-572
573,V_26-573
574,V_26-574
575,V_26-575
576,V_26-576
577,V_26-577
578,V_26-578
579,V_26-579
580,V_26-580
581,V_26-581
582,V_26-582
583,V_26-583
584,V_26-584
585,V_26-585
586,V_26-586
587,V_26-587
588,V_26-588
589,V_26-589
590,V_26-590
591,V_26-591
592,V_26-592
593,V_26-593
594,V_26-594
595,V_26-595
596,V_26-596
597,V_26-597
598,V_26-598
599,V_26-599
600,V_26-600
601,V_26-601
602,V_26-602
603,V_26-603
604,V_26-604
605,V_26-605
606,V_26-606
607,V_26-607
608,V_26-608
609,V_26-609
610,V_26-610
611,V_26-611
612,V_26-612
613,V_26-613
614,V_26-614
615,V_26-615
616,V_26-616
617,V_26-617
618,V_26-618
619,V_26-619
620,V_26-620
621,V_26-621
622,V_26-622
623,V_26-623
624,V_26-624
625,V_26-625
626,V_26-626
627,V_26-627
628,V_26-628
629,V_26-629
630,V_26-630
631,V_26-631
632,V_26-632
633,V_26-633
634,V_26-634
635,V_26-635
636,V_26-636
637,V_26-637
638,V_26-638
639,V_26-639
640,V_26-640
641,V_26-641
642,V_26-642
643,V_26-643
644,V_26-644
645,V_26-645
646,V_26-646
647,V_26-647
648,V_26-648
649,V_26-649
650,V_26-650
651,V_26-651
652,V_26-652
653,V_26-653
654,V_26-654
655,V_26-655
656,V_26-656
657,V_26-657
658,V_26-658
659,V_26-659
660,V_26-660
661,V_26-661
662,V_26-662
663,V_26-663
664,V_26-664
665,V_26-665
666,V_26-666
667,V_26-667
668,V_26-668
669,V_26-669
670,V_26-670
671,V_26-671
672,V_26-672
673,V_26-673
674,V_26-674
675,V_26-675
676,V_26-676
677,V_26-677
678,V_26-678
679,V_26-679
680,V_26-680
681,V_26-681
682,V_26-682
683,V_26-683
684,V_26-684
685,V_26-685
686,V_26-686
687,V_26-687
688,V_26-688
689,V_26-689
690,V_26-690
691,V_26-691
692,V_26-692
693,V_26-693
694,V_26-694
695,V_26-695
696,V_26-696
697,V_26-697
698,V_26-698
699,V_26-699
700,V_26-700
701,V_26-701
702,V_26-702
703,V_26-703
704,V_26-704
705,V_26-705
706,V_26-706
707,V_26-707
708,V_26-708
709,V_26-709
710,V_26-710
711,V_26-711
712,V_26-712
713,V_26-713
714,V_26-714
715,V_26-715
716,V_26-716
717,V_26-717
718,V_26-718
719,V_26-719
720,V_26-720
721,V_26-721
722,V_26-722
723,V_26-723
724,V_26-724
725,V_26-725
726,V_26-726
727,V_26-727
728,V_26-728
729,V_26-729
730,V_26-730
731,V_26-731
732,V_26-732
733,V_26-733
734,V_26-734
735,V_26-735
736,V_26-736
737,V_26-737
738,V_26-738
739,V_26-739
740,V_26-740
741,V_26-741
742,V_26-742
743,V_26-743
744,V_26-744
745,V_26-745
746,V_26-746
747,V_26-747
748,V_26-748
749,V_26-749
750,V_26-750
751,V_26-751
752,V_26-752
753,V_26-753
754,V_26-754
755,V_26-755
756,V_26-756
757,V_26-757
758,V_26-758
759,V_26-759
760,V_26-760
761,V_26-761
762,V_26-762
763,V_26-763
764,V_26-764
765,V_26-765
766,V_26-766
767,V_26-767
768,V_26-768
769,V_26-769
770,V_26-770
771,V_26-771
772,V_26-772
773,V_26-773
774,V_26-774
775,V_26-775
776,V_26-776
777,V_26-777
778,V_26-778
779,V_26-779
780,V_26-780
781,V_26-781
782,V_26-782
783,V_26-783
784,V_26-784
785,V_26-785
786,V_26-786
787,V_26-787
788,V_26-788
789,V_26-789
790,V_26-790
791,V_26-791
792,V_26-792
793,V_26-793
794,V_26-794
795,V_26-795
796,V_26-796
797,V_26-797
798,V_26-798
799,V_26-799
800,V_26-800
801,V_26-801
802,V_26-802
803,V_26-803
804,V_26-804
805,V_26-805
806,V_26-806
807,V_26-807
808,V_26-808
809,V_26-809
810,V_26-810
811,V_26-811
812,V_26-812
813,V_26-813
814,V_26-814
815,V_26-815
816,V_26-816
817,V_26-817
818,V_26-818
819,V_26-819
820,V_26-820
821,V_26-821
822,V_26-822
823,V_26-823
824,V_26-824
825,V_26-825
826,V_26-826
827,V_26-827
828,V_26-828
829,V_26-829
830,V_26-830
831,V_26-831
832,V_26-832
833,V_26-833
834,V_26-834
835,V_26-835
836,V_26-836
837,V_26-837
838,V_26-838
839,V_26-839
840,V_26-840
841,V_26-841
842,V_26-842
843,V_26-843
844,V_26-844
845,V_26-845
846,V_26-846
847,V_26-847
848,V_26-848
849,V_26-849
850,V_26-850
851,V_26-851
852,V_26-852
853,V_26-853
854,V_26-854
855,V_26-855
856,V_26-856
857,V_26-857
858,V_26-858
859,V_26-859
860,V_26-860
861,V_26-861
862,V_26-862
863,V_26-863
864,V_26-864
865,V_26-865
866,V_26-866
867,V_26-867
868,V_26-868
869,V_26-869
870,V_26-870
871,V_26-871
872,V_26-872
873,V_26-873
874,V_26-874
875,V_26-875
876,V_26-876
877,V_26-877
878,V_26-878
879,V_26-879
880,V_26-880
881,V_26-881
882,V_26-882
883,V_26-883
884,V_26-884
885,V_26-885
886,V_26-886
887,V_26-887
888,V_26-888
889,V_26-889
890,V_26-890
891,V_26-891
892,V_26-892
893,V_26-893
894,V_26-894
895,V_26-895
896,V_26-896
897,V_26-897
898,V_26-898
899,V_26-899
900,V_26-900
901,V_26-901
902,V_26-902
903,V_26-903
904,V_26-904
905,V_26-905
906,V_26-906
907,V_26-907
908,V_26-908
909,V_26-909
910,V_26-910
911,V_26-911
912,V_26-912
913,V_26-913
914,V_26-914
915,V_26-915
916,V_26-916
917,V_26-917
918,V_26-918
919,V_26-919
920,V_26-920
921,V_26-921
922,V_26-922
923,V_26-923
924,V_26-924
925,V_26-925
926,V_26-926
927,V_26-927
928,V_26-928
929,V_26-929
930,V_26-930
931,V_26-931
932,V_26-932
933,V_26-933
934,V_26-934
935,V_26-935
936,V_26-936
937,V_26-937
938,V_26-938
939,V_26-939
940,V_26-940
941,V_26-941
942,V_26-942
943,V_26-943
944,V_26-944
945,V_26-945
946,V_26-946
947,V_26-947
948,V_26-948
949,V_26-949
950,V_26-950
951,V_26-951
952,V_26-952
953,V_26-953
954,V_26-954
955,V_26-955
956,V_26-956
957,V_26-957
958,V_26-958
959,V_26-959
960,V_26-960
961,V_26-961
962,V_26-962
963,V_26-963
964,V_26-964
965,V_26-965
966,V_26-966
967,V_26-967
968,V_26-968
969,V_26-969
970,V_26-970
971,V_26-971
972,V_26-972
973,V_26-973
974,V_26-974
975,V_26-975
976,V_26-976
977,V_26-977
978,V_26-978
979,V_26-979
980,V_26-980
981,V_26-981
982,V_26-982
983,V_26-983
984,V_26-984
985,V_26-985
986,V_26-986
987,V_26-987
988,V_26-988
989,V_26-989
990,V_26-990
991,V_26-991
992,V_26-992
993,V_26-993
994,V_26-994
995,V_26-995
996,V_26-996
997,V_26-997
998,V_26-998
999,V_26-999
1000,V_26-1000
