ID,P26,P27
1,V_26-1,V_27-1
2,V_26-2,V_27-2
3,V_26-3,V_27-3
4,V_26-4,V_27-4
5,V_26-5,V_27-5
6,V_26-6,V_27-6
7,V_26-7,V_27-7
8,V_26-8,V_27-8
9,V_26-9,V_27-9
10,V_26-10,V_27-10
11,V_26-11,V_27-11
12,V_26-12,V_27-12
13,V_26-13,V_27-13
14,V_26-14,V_27-14
15,V_26-15,V_27-15
16,V_26-16,V_27-16
17,V_26-17,V_27-17
18,V_26-18,V_27-18
19,V_26-19,V_27-19
20,V_26-20,V_27-20
21,V_26-21,V_27-21
22,V_26-22,V_27-22
23,V_26-23,V_27-23
24,V_26-24,V_27-24
25,V_26-25,V_27-25
26,V_26-26,V_27-26
27,V_26-27,V_27-27
28,V_26-28,V_27-28
29,V_26-29,V_27-29
30,V_26-30,V_27-30
31,V_26-31,V_27-31
32,V_26-32,V_27-32
33,V_26-33,V_27-33
34,V_26-34,V_27-34
35,V_26-35,V_27-35
36,V_26-36,V_27-36
37,V_26-37,V_27-37
38,V_26-38,V_27-38
39,V_26-39,V_27-39
40,V_26-40,V_27-40
41,V_26-41,V_27-41
42,V_26-42,V_27-42
43,V_26-43,V_27-43
44,V_26-44,V_27-44
45,V_26-45,V_27-45
46,V_26-46,V_27-46
47,V_26-47,V_27-47
48,V_26-48,V_27-48
49,V_26-49,V_27-49
50,V_26-50,V_27-50
51,V_26-51,V_27-51
52,V_26-52,V_27-52
53,V_26-53,V_27-53
54,V_26-54,V_27-54
55,V_26-55,V_27-55
56,V_26-56,V_27-56
57,V_26-57,V_27-57
58,V_26-58,V_27-58
59,V_26-59,V_27-59
60,V_26-60,V_27-60
61,V_26-61,V_27-61
62,V_26-62,V_27-62
63,V_26-63,V_27-63
64,V_26-64,V_27-64
65,V_26-65,V_27-65
66,V_26-66,V_27-66
67,V_26-67,V_27-67
68,V_26-68,V_27-68
69,V_26-69,V_27-69
70,V_26-70,V_27-70
71,V_26-71,V_27-71
72,V_26-72,V_27-72
73,V_26-73,V_27-73
74,V_26-74,V_27-74
75,V_26-75,V_27-75
76,V_26-76,V_27-76
77,V_26-77,V_27-77
78,V_26-78,V_27-78
79,V_26-79,V_27-79
80,V_26-80,V_27-80
81,V_26-81,V_27-81
82,V_26-82,V_27-82
83,V_26-83,V_27-83
84,V_26-84,V_27-84
85,V_26-85,V_27-85
86,V_26-86,V_27-86
87,V_26-87,V_27-87
88,V_26-88,V_27-88
89,V_26-89,V_27-89
90,V_26-90,V_27-90
91,V_26-91,V_27-91
92,V_26-92,V_27-92
93,V_26-93,V_27-93
94,V_26-94,V_27-94
95,V_26-95,V_27-95
96,V_26-96,V_27-96
97,V_26-97,V_27-97
98,V_26-98,V_27-98
99,V_26-99,V_27-99
100,V_26-100,V_27-100
101,V_26-101,V_27-101
102,V_26-102,V_27-102
103,V_26-103,V_27-103
104,V_26-104,V_27-104
105,V_26-105,V_27-105
106,V_26-106,V_27-106
107,V_26-107,V_27-107
108,V_26-108,V_27-108
109,V_26-109,V_27-109
110,V_26-110,V_27-110
111,V_26-111,V_27-111
112,V_26-112,V_27-112
113,V_26-113,V_27-113
114,V_26-114,V_27-114
115,V_26-115,V_27-115
116,V_26-116,V_27-116
117,V_26-117,V_27-117
118,V_26-118,V_27-118
119,V_26-119,V_27-119
120,V_26-120,V_27-120
121,V_26-121,V_27-121
122,V_26-122,V_27-122
123,V_26-123,V_27-123
124,V_26-124,V_27-124
125,V_26-125,V_27-125
126,V_26-126,V_27-126
127,V_26-127,V_27-127
128,V_26-128,V_27-128
129,V_26-129,V_27-129
130,V_26-130,V_27-130
131,V_26-131,V_27-131
132,V_26-132,V_27-132
133,V_26-133,V_27-133
134,V_26-134,V_27-134
135,V_26-135,V_27-135
136,V_26-136,V_27-136
137,V_26-137,V_27-137
138,V_26-138,V_27-138
139,V_26-139,V_27-139
140,V_26-140,V_27-140
141,V_26-141,V_27-141
142,V_26-142,V_27-142
143,V_26-143,V_27-143
144,V_26-144,V_27-144
145,V_26-145,V_27-145
146,V_26-146,V_27-146
147,V_26-147,V_27-147
148,V_26-148,V_27-148
149,V_26-149,V_27-149
150,V_26-150,V_27-150
151,V_26-151,V_27-151
152,V_26-152,V_27-152
153,V_26-153,V_27-153
154,V_26-154,V_27-154
155,V_26-155,V_27-155
156,V_26-156,V_27-156
157,V_26-157,V_27-157
158,V_26-158,V_27-158
159,V_26-159,V_27-159
160,V_26-160,V_27-160
161,V_26-161,V_27-161
162,V_26-162,V_27-162
163,V_26-163,V_27-163
164,V_26-164,V_27-164
165,V_26-165,V_27-165
166,V_26-166,V_27-166
167,V_26-167,V_27-167
168,V_26-168,V_27-168
169,V_26-169,V_27-169
170,V_26-170,V_27-170
171,V_26-171,V_27-171
172,V_26-172,V_27-172
173,V_26-173,V_27-173
174,V_26-174,V_27-174
175,V_26-175,V_27-175
176,V_26-176,V_27-176
177,V_26-177,V_27-177
178,V_26-178,V_27-178
179,V_26-179,V_27-179
180,V_26-180,V_27-180
181,V_26-181,V_27-181
182,V_26-182,V_27-182
183,V_26-183,V_27-183
184,V_26-184,V_27-184
185,V_26-185,V_27-185
186,V_26-186,V_27-186
187,V_26-187,V_27-187
188,V_26-188,V_27-188
189,V_26-189,V_27-189
190,V_26-190,V_27-190
191,V_26-191,V_27-191
192,V_26-192,V_27-192
193,V_26-193,V_27-193
194,V_26-194,V_27-194
195,V_26-195,V_27-195
196,V_26-196,V_27-196
197,V_26-197,V_27-197
198,V_26-198,V_27-198
199,V_26-199,V_27-199
200,V_26-200,V_27-200
201,V_26-201,V_27-201
202,V_26-202,V_27-202
203,V_26-203,V_27-203
204,V_26-204,V_27-204
205,V_26-205,V_27-205
206,V_26-206,V_27-206
207,V_26-207,V_27-207
208,V_26-208,V_27-208
209,V_26-209,V_27-209
210,V_26-210,V_27-210
211,V_26-211,V_27-211
212,V_26-212,V_27-212
213,V_26-213,V_27-213
214,V_26-214,V_27-214
215,V_26-215,V_27-215
216,V_26-216,V_27-216
217,V_26-217,V_27-217
218,V_26-218,V_27-218
219,V_26-219,V_27-219
220,V_26-220,V_27-220
221,V_26-221,V_27-221
222,V_26-222,V_27-222
223,V_26-223,V_27-223
224,V_26-224,V_27-224
225,V_26-225,V_27-225
226,V_26-226,V_27-226
227,V_26-227,V_27-227
228,V_26-228,V_27-228
229,V_26-229,V_27-229
230,V_26-230,V_27-230
231,V_26-231,V_27-231
232,V_26-232,V_27-232
233,V_26-233,V_27-233
234,V_26-234,V_27-234
235,V_26-235,V_27-235
236,V_26-236,V_27-236
237,V_26-237,V_27-237
238,V_26-238,V_27-238
239,V_26-239,V_27-239
240,V_26-240,V_27-240
241,V_26-241,V_27-241
242,V_26-242,V_27-242
243,V_26-243,V_27-243
244,V_26-244,V_27-244
245,V_26-245,V_27-245
246,V_26-246,V_27-246
247,V_26-247,V_27-247
248,V_26-248,V_27-248
249,V_26-249,V_27-249
250,V_26-250,V_27-250
251,V_26-251,V_27-251
252,V_26-252,V_27-252
253,V_26-253,V_27-253
254,V_26-254,V_27-254
255,V_26-255,V_27-255
256,V_26-256,V_27-256
257,V_26-257,V_27-257
258,V_26-258,V_27-258
259,V_26-259,V_27-259
260,V_26-260,V_27-260
261,V_26-261,V_27-261
262,V_26-262,V_27-262
263,V_26-263,V_27-263
264,V_26-264,V_27-264
265,V_26-265,V_27-265
266,V_26-266,V_27-266
267,V_26-267,V_27-267
268,V_26-268,V_27-268
269,V_26-269,V_27-269
270,V_26-270,V_27-270
271,V_26-271,V_27-271
272,V_26-272,V_27-272
273,V_26-273,V_27-273
274,V_26-274,V_27-274
275,V_26-275,V_27-275
276,V_26-276,V_27-276
277,V_26-277,V_27-277
278,V_26-278,V_27-278
279,V_26-279,V_27-279
280,V_26-280,V_27-280
281,V_26-281,V_27-281
282,V_26-282,V_27-282
283,V_26-283,V_27-283
284,V_26-284,V_27-284
285,V_26-285,V_27-285
286,V_26-286,V_27-286
287,V_26-287,V_27-287
288,V_26-288,V_27-288
289,V_26-289,V_27-289
290,V_26-290,V_27-290
291,V_26-291,V_27-291
292,V_26-292,V_27-292
293,V_26-293,V_27-293
294,V_26-294,V_27-294
295,V_26-295,V_27-295
296,V_26-296,V_27-296
297,V_26-297,V_27-297
298,V_26-298,V_27-298
299,V_26-299,V_27-299
300,V_26-300,V_27-300
301,V_26-301,V_27-301
302,V_26-302,V_27-302
303,V_26-303,V_27-303
304,V_26-304,V_27-304
305,V_26-305,V_27-305
306,V_26-306,V_27-306
307,V_26-307,V_27-307
308,V_26-308,V_27-308
309,V_26-309,V_27-309
310,V_26-310,V_27-310
311,V_26-311,V_27-311
312,V_26-312,V_27-312
313,V_26-313,V_27-313
314,V_26-314,V_27-314
315,V_26-315,V_27-315
316,V_26-316,V_27-316
317,V_26-317,V_27-317
318,V_26-318,V_27-318
319,V_26-319,V_27-319
320,V_26-320,V_27-320
321,V_26-321,V_27-321
322,V_26-322,V_27-322
323,V_26-323,V_27-323
324,V_26-324,V_27-324
325,V_26-325,V_27-325
326,V_26-326,V_27-326
327,V_26-327,V_27-327
328,V_26-328,V_27-328
329,V_26-329,V_27-329
330,V_26-330,V_27-330
331,V_26-331,V_27-331
332,V_26-332,V_27-332
333,V_26-333,V_27-333
334,V_26-334,V_27-334
335,V_26-335,V_27-335
336,V_26-336,V_27-336
337,V_26-337,V_27-337
338,V_26-338,V_27-338
339,V_26-339,V_27-339
340,V_26-340,V_27-340
341,V_26-341,V_27-341
342,V_26-342,V_27-342
343,V_26-343,V_27-343
344,V_26-344,V_27-344
345,V_26-345,V_27-345
346,V_26-346,V_27-346
347,V_26-347,V_27-347
348,V_26-348,V_27-348
349,V_26-349,V_27-349
350,V_26-350,V_27-350
351,V_26-351,V_27-351
352,V_26-352,V_27-352
353,V_26-353,V_27-353
354,V_26-354,V_27-354
355,V_26-355,V_27-355
356,V_26-356,V_27-356
357,V_26-357,V_27-357
358,V_26-358,V_27-358
359,V_26-359,V_27-359
360,V_26-360,V_27-360
361,V_26-361,V_27-361
362,V_26-362,V_27-362
363,V_26-363,V_27-363
364,V_26-364,V_27-364
365,V_26-365,V_27-365
366,V_26-366,V_27-366
367,V_26-367,V_27-367
368,V_26-368,V_27-368
369,V_26-369,V_27-369
370,V_26-370,V_27-370
371,V_26-371,V_27-371
372,V_26-372,V_27-372
373,V_26-373,V_27-373
374,V_26-374,V_27-374
375,V_26-375,V_27-375
376,V_26-376,V_27-376
377,V_26-377,V_27-377
378,V_26-378,V_27-378
379,V_26-379,V_27-379
380,V_26-380,V_27-380
381,V_26-381,V_27-381
382,V_26-382,V_27-382
383,V_26-383,V_27-383
384,V_26-384,V_27-384
385,V_26-385,V_27-385
386,V_26-386,V_27-386
387,V_26-387,V_27-387
388,V_26-388,V_27-388
389,V_26-389,V_27-389
390,V_26-390,V_27-390
391,V_26-391,V_27-391
392,V_26-392,V_27-392
393,V_26-393,V_27-393
394,V_26-394,V_27-394
395,V_26-395,V_27-395
396,V_26-396,V_27-396
397,V_26-397,V_27-397
398,V_26-398,V_27-398
399,V_26-399,V_27-399
400,V_26-400,V_27-400
401,V_26-401,V_27-401
402,V_26-402,V_27-402
403,V_26-403,V_27-403
404,V_26-404,V_27-404
405,V_26-405,V_27-405
406,V_26-406,V_27-406
407,V_26-407,V_27-407
408,V_26-408,V_27-408
409,V_26-409,V_27-409
410,V_26-410,V_27-410
411,V_26-411,V_27-411
412,V_26-412,V_27-412
413,V_26-413,V_27-413
414,V_26-414,V_27-414
415,V_26-415,V_27-415
416,V_26-416,V_27-416
417,V_26-417,V_27-417
418,V_26-418,V_27-418
419,V_26-419,V_27-419
420,V_26-420,V_27-420
421,V_26-421,V_27-421
422,V_26-422,V_27-422
423,V_26-423,V_27-423
424,V_26-424,V_27-424
425,V_26-425,V_27-425
426,V_26-426,V_27-426
427,V_26-427,V_27-427
428,V_26-428,V_27-428
429,V_26-429,V_27-429
430,V_26-430,V_27-430
431,V_26-431,V_27-431
432,V_26-432,V_27-432
433,V_26-433,V_27-433
434,V_26-434,V_27-434
435,V_26-435,V_27-435
436,V_26-436,V_27-436
437,V_26-437,V_27-437
438,V_26-438,V_27-438
439,V_26-439,V_27-439
440,V_26-440,V_27-440
441,V_26-441,V_27-441
442,V_26-442,V_27-442
443,V_26-443,V_27-443
444,V_26-444,V_27-444
445,V_26-445,V_27-445
446,V_26-446,V_27-446
447,V_26-447,V_27-447
448,V_26-448,V_27-448
449,V_26-449,V_27-449
450,V_26-450,V_27-450
451,V_26-451,V_27-451
452,V_26-452,V_27-452
453,V_26-453,V_27-453
454,V_26-454,V_27-454
455,V_26-455,V_27-455
456,V_26-456,V_27-456
457,V_26-457,V_27-457
458,V_26-458,V_27-458
459,V_26-459,V_27-459
460,V_26-460,V_27-460
461,V_26-461,V_27-461
462,V_26-462,V_27-462
463,V_26-463,V_27-463
464,V_26-464,V_27-464
465,V_26-465,V_27-465
466,V_26-466,V_27-466
467,V_26-467,V_27-467
468,V_26-468,V_27-468
469,V_26-469,V_27-469
470,V_26-470,V_27-470
471,V_26-471,V_27-471
472,V_26-472,V_27-472
473,V_26-473,V_27-473
474,V_26-474,V_27-474
475,V_26-475,V_27-475
476,V_26-476,V_27-476
477,V_26-477,V_27-477
478,V_26-478,V_27-478
479,V_26-479,V_27-479
480,V_26-480,V_27-480
481,V_26-481,V_27-481
482,V_26-482,V_27-482
483,V_26-483,V_27-483
484,V_26-484,V_27-484
485,V_26-485,V_27-485
486,V_26-486,V_27-486
487,V_26-487,V_27-487
488,V_26-488,V_27-488
489,V_26-489,V_27-489
490,V_26-490,V_27-490
491,V_26-491,V_27-491
492,V_26-492,V_27-492
493,V_26-493,V_27-493
494,V_26-494,V_27-494
495,V_26-495,V_27-495
496,V_26-496,V_27-496
497,V_26-497,V_27-497
498,V_26-498,V_27-498
499,V_26-499,V_27-499
500,V_26-500,V_27-500
501,V_26-501,V_27-501
502,V_26-502,V_27-502
503,V_26-503,V_27-503
504,V_26-504,V_27-504
505,V_26-505,V_27-505
506,V_26-506,V_27-506
507,V_26-507,V_27-507
508,V_26-508,V_27-508
509,V_26-509,V_27-509
510,V_26-510,V_27-510
511,V_26-511,V_27-511
512,V_26-512,V_27-512
513,V_26-513,V_27-513
514,V_26-514,V_27-514
515,V_26-515,V_27-515
516,V_26-516,V_27-516
517,V_26-517,V_27-517
518,V_26-518,V_27-518
519,V_26-519,V_27-519
520,V_26-520,V_27-520
521,V_26-521,V_27-521
522,V_26-522,V_27-522
523,V_26-523,V_27-523
524,V_26-524,V_27-524
525,V_26-525,V_27-525
526,V_26-526,V_27-526
527,V_26-527,V_27-527
528,V_26-528,V_27-528
529,V_26-529,V_27-529
530,V_26-530,V_27-530
531,V_26-531,V_27-531
532,V_26-532,V_27-532
533,V_26-533,V_27-533
534,V_26-534,V_27-534
535,V_26-535,V_27-535
536,V_26-536,V_27-536
537,V_26-537,V_27-537
538,V_26-538,V_27-538
539,V_26-539,V_27-539
540,V_26-540,V_27-540
541,V_26-541,V_27-541
542,V_26-542,V_27-542
543,V_26-543,V_27-543
544,V_26-544,V_27-544
545,V_26-545,V_27-545
546,V_26-546,V_27-546
547,V_26-547,V_27-547
548,V_26-548,V_27-548
549,V_26-549,V_27-549
550,V_26-550,V_27-550
551,V_26-551,V_27-551
552,V_26-552,V_27-552
553,V_26-553,V_27-553
554,V_26-554,V_27-554
555,V_26-555,V_27-555
556,V_26-556,V_27-556
557,V_26-557,V_27-557
558,V_26-558,V_27-558
559,V_26-559,V_27-559
560,V_26-560,V_27-560
561,V_26-561,V_27-561
562,V_26-562,V_27-562
563,V_26-563,V_27-563
564,V_26-564,V_27-564
565,V_26-565,V_27-565
566,V_26-566,V_27-566
567,V_26-567,V_27-567
568,V_26-568,V_27-568
569,V_26-569,V_27-569
570,V_26-570,V_27-570
571,V_26-571,V_27-571
572,V_26-572,V_27-572
573,V_26-573,V_27-573
574,V_26-574,V_27-574
575,V_26-575,V_27-575
576,V_26-576,V_27-576
577,V_26-577,V_27-577
578,V_26-578,V_27-578
579,V_26-579,V_27-579
580,V_26-580,V_27-580
581,V_26-581,V_27-581
582,V_26-582,V_27-582
583,V_26-583,V_27-583
584,V_26-584,V_27-584
585,V_26-585,V_27-585
586,V_26-586,V_27-586
587,V_26-587,V_27-587
588,V_26-588,V_27-588
589,V_26-589,V_27-589
590,V_26-590,V_27-590
591,V_26-591,V_27-591
592,V_26-592,V_27-592
593,V_26-593,V_27-593
594,V_26-594,V_27-594
595,V_26-595,V_27-595
596,V_26-596,V_27-596
597,V_26-597,V_27-597
598,V_26-598,V_27-598
599,V_26-599,V_27-599
600,V_26-600,V_27-600
601,V_26-601,V_27-601
602,V_26-602,V_27-602
603,V_26-603,V_27-603
604,V_26-604,V_27-604
605,V_26-605,V_27-605
606,V_26-606,V_27-606
607,V_26-607,V_27-607
608,V_26-608,V_27-608
609,V_26-609,V_27-609
610,V_26-610,V_27-610
611,V_26-611,V_27-611
612,V_26-612,V_27-612
613,V_26-613,V_27-613
614,V_26-614,V_27-614
615,V_26-615,V_27-615
616,V_26-616,V_27-616
617,V_26-617,V_27-617
618,V_26-618,V_27-618
619,V_26-619,V_27-619
620,V_26-620,V_27-620
621,V_26-621,V_27-621
622,V_26-622,V_27-622
623,V_26-623,V_27-623
624,V_26-624,V_27-624
625,V_26-625,V_27-625
626,V_26-626,V_27-626
627,V_26-627,V_27-627
628,V_26-628,V_27-628
629,V_26-629,V_27-629
630,V_26-630,V_27-630
631,V_26-631,V_27-631
632,V_26-632,V_27-632
633,V_26-633,V_27-633
634,V_26-634,V_27-634
635,V_26-635,V_27-635
636,V_26-636,V_27-636
637,V_26-637,V_27-637
638,V_26-638,V_27-638
639,V_26-639,V_27-639
640,V_26-640,V_27-640
641,V_26-641,V_27-641
642,V_26-642,V_27-642
643,V_26-643,V_27-643
644,V_26-644,V_27-644
645,V_26-645,V_27-645
646,V_26-646,V_27-646
647,V_26-647,V_27-647
648,V_26-648,V_27-648
649,V_26-649,V_27-649
650,V_26-650,V_27-650
651,V_26-651,V_27-651
652,V_26-652,V_27-652
653,V_26-653,V_27-653
654,V_26-654,V_27-654
655,V_26-655,V_27-655
656,V_26-656,V_27-656
657,V_26-657,V_27-657
658,V_26-658,V_27-658
659,V_26-659,V_27-659
660,V_26-660,V_27-660
661,V_26-661,V_27-661
662,V_26-662,V_27-662
663,V_26-663,V_27-663
664,V_26-664,V_27-664
665,V_26-665,V_27-665
666,V_26-666,V_27-666
667,V_26-667,V_27-667
668,V_26-668,V_27-668
669,V_26-669,V_27-669
670,V_26-670,V_27-670
671,V_26-671,V_27-671
672,V_26-672,V_27-672
673,V_26-673,V_27-673
674,V_26-674,V_27-674
675,V_26-675,V_27-675
676,V_26-676,V_27-676
677,V_26-677,V_27-677
678,V_26-678,V_27-678
679,V_26-679,V_27-679
680,V_26-680,V_27-680
681,V_26-681,V_27-681
682,V_26-682,V_27-682
683,V_26-683,V_27-683
684,V_26-684,V_27-684
685,V_26-685,V_27-685
686,V_26-686,V_27-686
687,V_26-687,V_27-687
688,V_26-688,V_27-688
689,V_26-689,V_27-689
690,V_26-690,V_27-690
691,V_26-691,V_27-691
692,V_26-692,V_27-692
693,V_26-693,V_27-693
694,V_26-694,V_27-694
695,V_26-695,V_27-695
696,V_26-696,V_27-696
697,V_26-697,V_27-697
698,V_26-698,V_27-698
699,V_26-699,V_27-699
700,V_26-700,V_27-700
701,V_26-701,V_27-701
702,V_26-702,V_27-702
703,V_26-703,V_27-703
704,V_26-704,V_27-704
705,V_26-705,V_27-705
706,V_26-706,V_27-706
707,V_26-707,V_27-707
708,V_26-708,V_27-708
709,V_26-709,V_27-709
710,V_26-710,V_27-710
711,V_26-711,V_27-711
712,V_26-712,V_27-712
713,V_26-713,V_27-713
714,V_26-714,V_27-714
715,V_26-715,V_27-715
716,V_26-716,V_27-716
717,V_26-717,V_27-717
718,V_26-718,V_27-718
719,V_26-719,V_27-719
720,V_26-720,V_27-720
721,V_26-721,V_27-721
722,V_26-722,V_27-722
723,V_26-723,V_27-723
724,V_26-724,V_27-724
725,V_26-725,V_27-725
726,V_26-726,V_27-726
727,V_26-727,V_27-727
728,V_26-728,V_27-728
729,V_26-729,V_27-729
730,V_26-730,V_27-730
731,V_26-731,V_27-731
732,V_26-732,V_27-732
733,V_26-733,V_27-733
734,V_26-734,V_27-734
735,V_26-735,V_27-735
736,V_26-736,V_27-736
737,V_26-737,V_27-737
738,V_26-738,V_27-738
739,V_26-739,V_27-739
740,V_26-740,V_27-740
741,V_26-741,V_27-741
742,V_26-742,V_27-742
743,V_26-743,V_27-743
744,V_26-744,V_27-744
745,V_26-745,V_27-745
746,V_26-746,V_27-746
747,V_26-747,V_27-747
748,V_26-748,V_27-748
749,V_26-749,V_27-749
750,V_26-750,V_27-750
751,V_26-751,V_27-751
752,V_26-752,V_27-752
753,V_26-753,V_27-753
754,V_26-754,V_27-754
755,V_26-755,V_27-755
756,V_26-756,V_27-756
757,V_26-757,V_27-757
758,V_26-758,V_27-758
759,V_26-759,V_27-759
760,V_26-760,V_27-760
761,V_26-761,V_27-761
762,V_26-762,V_27-762
763,V_26-763,V_27-763
764,V_26-764,V_27-764
765,V_26-765,V_27-765
766,V_26-766,V_27-766
767,V_26-767,V_27-767
768,V_26-768,V_27-768
769,V_26-769,V_27-769
770,V_26-770,V_27-770
771,V_26-771,V_27-771
772,V_26-772,V_27-772
773,V_26-773,V_27-773
774,V_26-774,V_27-774
775,V_26-775,V_27-775
776,V_26-776,V_27-776
777,V_26-777,V_27-777
778,V_26-778,V_27-778
779,V_26-779,V_27-779
780,V_26-780,V_27-780
781,V_26-781,V_27-781
782,V_26-782,V_27-782
783,V_26-783,V_27-783
784,V_26-784,V_27-784
785,V_26-785,V_27-785
786,V_26-786,V_27-786
787,V_26-787,V_27-787
788,V_26-788,V_27-788
789,V_26-789,V_27-789
790,V_26-790,V_27-790
791,V_26-791,V_27-791
792,V_26-792,V_27-792
793,V_26-793,V_27-793
794,V_26-794,V_27-794
795,V_26-795,V_27-795
796,V_26-796,V_27-796
797,V_26-797,V_27-797
798,V_26-798,V_27-798
799,V_26-799,V_27-799
800,V_26-800,V_27-800
801,V_26-801,V_27-801
802,V_26-802,V_27-802
803,V_26-803,V_27-803
804,V_26-804,V_27-804
805,V_26-805,V_27-805
806,V_26-806,V_27-806
807,V_26-807,V_27-807
808,V_26-808,V_27-808
809,V_26-809,V_27-809
810,V_26-810,V_27-810
811,V_26-811,V_27-811
812,V_26-812,V_27-812
813,V_26-813,V_27-813
814,V_26-814,V_27-814
815,V_26-815,V_27-815
816,V_26-816,V_27-816
817,V_26-817,V_27-817
818,V_26-818,V_27-818
819,V_26-819,V_27-819
820,V_26-820,V_27-820
821,V_26-821,V_27-821
822,V_26-822,V_27-822
823,V_26-823,V_27-823
824,V_26-824,V_27-824
825,V_26-825,V_27-825
826,V_26-826,V_27-826
827,V_26-827,V_27-827
828,V_26-828,V_27-828
829,V_26-829,V_27-829
830,V_26-830,V_27-830
831,V_26-831,V_27-831
832,V_26-832,V_27-832
833,V_26-833,V_27-833
834,V_26-834,V_27-834
835,V_26-835,V_27-835
836,V_26-836,V_27-836
837,V_26-837,V_27-837
838,V_26-838,V_27-838
839,V_26-839,V_27-839
840,V_26-840,V_27-840
841,V_26-841,V_27-841
842,V_26-842,V_27-842
843,V_26-843,V_27-843
844,V_26-844,V_27-844
845,V_26-845,V_27-845
846,V_26-846,V_27-846
847,V_26-847,V_27-847
848,V_26-848,V_27-848
849,V_26-849,V_27-849
850,V_26-850,V_27-850
851,V_26-851,V_27-851
852,V_26-852,V_27-852
853,V_26-853,V_27-853
854,V_26-854,V_27-854
855,V_26-855,V_27-855
856,V_26-856,V_27-856
857,V_26-857,V_27-857
858,V_26-858,V_27-858
859,V_26-859,V_27-859
860,V_26-860,V_27-860
861,V_26-861,V_27-861
862,V_26-862,V_27-862
863,V_26-863,V_27-863
864,V_26-864,V_27-864
865,V_26-865,V_27-865
866,V_26-866,V_27-866
867,V_26-867,V_27-867
868,V_26-868,V_27-868
869,V_26-869,V_27-869
870,V_26-870,V_27-870
871,V_26-871,V_27-871
872,V_26-872,V_27-872
873,V_26-873,V_27-873
874,V_26-874,V_27-874
875,V_26-875,V_27-875
876,V_26-876,V_27-876
877,V_26-877,V_27-877
878,V_26-878,V_27-878
879,V_26-879,V_27-879
880,V_26-880,V_27-880
881,V_26-881,V_27-881
882,V_26-882,V_27-882
883,V_26-883,V_27-883
884,V_26-884,V_27-884
885,V_26-885,V_27-885
886,V_26-886,V_27-886
887,V_26-887,V_27-887
888,V_26-888,V_27-888
889,V_26-889,V_27-889
890,V_26-890,V_27-890
891,V_26-891,V_27-891
892,V_26-892,V_27-892
893,V_26-893,V_27-893
894,V_26-894,V_27-894
895,V_26-895,V_27-895
896,V_26-896,V_27-896
897,V_26-897,V_27-897
898,V_26-898,V_27-898
899,V_26-899,V_27-899
900,V_26-900,V_27-900
901,V_26-901,V_27-901
902,V_26-902,V_27-902
903,V_26-903,V_27-903
904,V_26-904,V_27-904
905,V_26-905,V_27-905
906,V_26-906,V_27-906
907,V_26-907,V_27-907
908,V_26-908,V_27-908
909,V_26-909,V_27-909
910,V_26-910,V_27-910
911,V_26-911,V_27-911
912,V_26-912,V_27-912
913,V_26-913,V_27-913
914,V_26-914,V_27-914
915,V_26-915,V_27-915
916,V_26-916,V_27-916
917,V_26-917,V_27-917
918,V_26-918,V_27-918
919,V_26-919,V_27-919
920,V_26-920,V_27-920
921,V_26-921,V_27-921
922,V_26-922,V_27-922
923,V_26-923,V_27-923
924,V_26-924,V_27-924
925,V_26-925,V_27-925
926,V_26-926,V_27-926
927,V_26-927,V_27-927
928,V_26-928,V_27-928
929,V_26-929,V_27-929
930,V_26-930,V_27-930
931,V_26-931,V_27-931
932,V_26-932,V_27-932
933,V_26-933,V_27-933
934,V_26-934,V_27-934
935,V_26-935,V_27-935
936,V_26-936,V_27-936
937,V_26-937,V_27-937
938,V_26-938,V_27-938
939,V_26-939,V_27-939
940,V_26-940,V_27-940
941,V_26-941,V_27-941
942,V_26-942,V_27-942
943,V_26-943,V_27-943
944,V_26-944,V_27-944
945,V_26-945,V_27-945
946,V_26-946,V_27-946
947,V_26-947,V_27-947
948,V_26-948,V_27-948
949,V_26-949,V_27-949
950,V_26-950,V_27-950
951,V_26-951,V_27-951
952,V_26-952,V_27-952
953,V_26-953,V_27-953
954,V_26-954,V_27-954
955,V_26-955,V_27-955
956,V_26-956,V_27-956
957,V_26-957,V_27-957
958,V_26-958,V_27-958
959,V_26-959,V_27-959
960,V_26-960,V_27-960
961,V_26-961,V_27-961
962,V_26-962,V_27-962
963,V_26-963,V_27-963
964,V_26-964,V_27-964
965,V_26-965,V_27-965
966,V_26-966,V_27-966
967,V_26-967,V_27-967
968,V_26-968,V_27-968
969,V_26-969,V_27-969
970,V_26-970,V_27-970
971,V_26-971,V_27-971
972,V_26-972,V_27-972
973,V_26-973,V_27-973
974,V_26-974,V_27-974
975,V_26-975,V_27-975
976,V_26-976,V_27-976
977,V_26-977,V_27-977
978,V_26-978,V_27-978
979,V_26-979,V_27-979
980,V_26-980,V_27-980
981,V_26-981,V_27-981
982,V_26-982,V_27-982
983,V_26-983,V_27-983
984,V_26-984,V_27-984
985,V_26-985,V_27-985
986,V_26-986,V_27-986
987,V_26-987,V_27-987
988,V_26-988,V_27-988
989,V_26-989,V_27-989
990,V_26-990,V_27-990
991,V_26-991,V_27-991
992,V_26-992,V_27-992
993,V_26-993,V_27-993
994,V_26-994,V_27-994
995,V_26-995,V_27-995
996,V_26-996,V_27-996
997,V_26-997,V_27-997
998,V_26-998,V_27-998
999,V_26-999,V_27-999
1000,V_26-1000,V_27-1000
